#name	barcode	proximal	distal	region	body_site
S_700033665	CCGTTCCTC	CCGTCAATTCMTTTRAGT	CTGCTGCCTCCCGTAGG	V3V5	Stool
S_700035861	ACCGGCGTTC	CCGTCAATTCMTTTRAGT	CTGCTGCCTCCCGTAGG	V3V5	Stool
S_700095543	ACGAATTAAC	CCGTCAATTCMTTTRAGT	CTGCTGCCTCCCGTAGG	V3V5	Stool
S_700095850	AACCGGATAC	CCGTCAATTCMTTTRAGT	CTGCTGCCTCCCGTAGG	V3V5	Stool
S_700101600	AACGGAACGC	CCGTCAATTCMTTTRAGT	CTGCTGCCTCCCGTAGG	V3V5	Stool
T_700016994	AATAACCGTC	CCGTCAATTCMTTTRAGT	CTGCTGCCTCCCGTAGG	V3V5	Throat
T_700095565	TTAATGGAAC	CCGTCAATTCMTTTRAGT	CTGCTGCCTCCCGTAGG	V3V5	Throat
T_700095872	CGGACCGGAAC	CCGTCAATTCMTTTRAGT	CTGCTGCCTCCCGTAGG	V3V5	Throat
T_700101388	CCGAACGAC	CCGTCAATTCMTTTRAGT	CTGCTGCCTCCCGTAGG	V3V5	Throat
T_700101622	TTCGTTCTTC	CCGTCAATTCMTTTRAGT	CTGCTGCCTCCCGTAGG	V3V5	Throat
